date,count,uniques
2025-06-08,9,1
2025-06-09,207,46
2025-06-10,137,53
2025-06-11,104,38
2025-06-12,166,61
2025-06-13,114,41
2025-06-14,71,28
2025-06-15,114,29
2025-06-16,151,50
2025-06-17,179,66
2025-06-18,161,47
2025-06-19,314,67
2025-06-20,149,43
2025-06-21,58,20
2025-06-22,69,30
2025-06-23,95,45
2025-06-24,159,55
2025-06-25,161,44
2025-06-26,337,73
2025-06-27,106,50
2025-06-28,36,25
2025-06-29,76,35
2025-06-30,145,56
2025-07-01,211,56
2025-07-02,110,41
2025-07-03,105,50
2025-07-04,135,52
2025-07-05,56,26
2025-07-06,57,34
2025-07-07,144,57
2025-07-08,158,60
2025-07-09,115,57
2025-07-10,181,56
2025-07-11,90,40
2025-07-12,66,33
2025-07-13,42,17
2025-07-14,234,57
2025-07-15,86,39
2025-07-16,141,52
2025-07-17,210,49
2025-07-18,143,46
2025-07-19,98,44
2025-07-20,92,36
2025-07-21,196,50
2025-07-22,151,64
2025-07-23,228,86
2025-07-24,212,69
2025-07-25,123,50
2025-07-26,65,29
2025-07-27,124,39
2025-07-28,119,41
2025-07-29,91,45
2025-07-30,155,45
2025-07-31,84,41
2025-08-01,160,43
2025-08-02,39,18
2025-08-03,57,31
2025-08-04,109,35
2025-08-05,236,41
2025-08-06,118,35
2025-08-07,120,41
2025-08-08,122,30
2025-08-09,20,14
2025-08-10,32,16
2025-08-11,100,35
2025-08-12,200,56
2025-08-13,138,52
2025-08-14,124,42
2025-08-15,86,35
2025-08-16,31,20
2025-08-17,61,25
2025-08-18,137,53
2025-08-19,105,38
2025-08-20,39,27
2025-08-21,111,39
2025-08-22,131,39
2025-08-23,103,20
2025-08-24,54,32
2025-08-25,153,48
2025-08-26,159,50
2025-08-27,88,35
2025-08-28,158,41
2025-08-29,161,44
2025-08-30,41,16
2025-08-31,53,26
2025-09-01,134,52
2025-09-02,104,45
2025-09-03,135,39
2025-09-04,173,53
2025-09-05,177,50
2025-09-06,46,28
2025-09-07,82,26
2025-09-08,115,54
2025-09-09,200,40
2025-09-10,92,46
2025-09-11,125,61
2025-09-12,130,47
2025-09-13,70,31
2025-09-14,75,38
2025-09-15,228,78
2025-09-16,166,62
2025-09-17,170,73
2025-09-18,85,50
2025-09-19,114,60
2025-09-20,41,28
2025-09-21,85,31
2025-09-22,202,78
2025-09-23,181,63
2025-09-24,152,58
2025-09-25,106,40
2025-09-26,166,47
2025-09-27,84,28
2025-09-28,109,44
2025-09-29,145,48
2025-09-30,174,45
2025-10-01,133,46
2025-10-02,113,45
2025-10-03,94,49
2025-10-04,45,27
2025-10-05,45,29
2025-10-06,157,35
2025-10-07,80,35
2025-10-08,112,47
2025-10-09,150,58
2025-10-10,194,63
2025-10-11,62,28
2025-10-12,57,30
2025-10-13,106,41
2025-10-14,168,54
2025-10-15,193,67
2025-10-16,184,61
2025-10-17,135,45
2025-10-18,75,44
2025-10-19,96,40
2025-10-20,165,66
2025-10-21,283,84
2025-10-22,193,85
2025-10-23,239,64
2025-10-24,200,90
2025-10-25,67,43
2025-10-26,99,51
2025-10-27,249,73
2025-10-28,156,73
2025-10-29,187,93
2025-10-30,108,64
2025-10-31,107,77
2025-11-01,69,43
2025-11-02,97,40
2025-11-03,195,78
2025-11-04,207,87
2025-11-05,313,76
2025-11-06,268,77
2025-11-07,285,63
2025-11-08,141,52
2025-11-09,94,47
2025-11-10,185,82
2025-11-11,179,78
2025-11-12,176,66
2025-11-13,133,64
2025-11-14,147,68
2025-11-15,61,30
2025-11-16,115,39
2025-11-17,143,59
2025-11-18,184,81
2025-11-19,154,75
2025-11-20,211,77
2025-11-21,151,45
2025-11-22,122,48
2025-11-23,108,39
2025-11-24,163,84
2025-11-25,203,92
2025-11-26,163,83
2025-11-27,159,46
2025-11-28,96,50
2025-11-29,71,37
2025-11-30,107,46
2025-12-01,162,70
2025-12-02,310,86
2025-12-03,156,80
2025-12-04,158,69
2025-12-05,92,58
2025-12-06,86,34
2025-12-07,116,55
2025-12-08,179,71
2025-12-09,189,78
2025-12-10,178,69
2025-12-11,141,64
2025-12-12,147,60
2025-12-13,97,33
2025-12-14,75,40
2025-12-15,217,74
2025-12-16,120,53
2025-12-17,160,74
2025-12-18,117,55
2025-12-19,95,51
2025-12-20,190,50
2025-12-21,132,53
2025-12-22,112,54
2025-12-23,185,47
2025-12-24,91,44
2025-12-25,144,59
2025-12-26,84,44
2025-12-27,114,53
2025-12-28,94,33
2025-12-29,127,64
2025-12-30,84,36
2025-12-31,92,46
2026-01-01,49,38
2026-01-02,152,49
2026-01-03,112,66
2026-01-04,119,69
2026-01-05,172,57
2026-01-06,148,60
2026-01-07,109,73
2026-01-08,128,62
2026-01-09,150,61
2026-01-10,44,33
2026-01-11,94,51
2026-01-12,227,72
2026-01-13,314,96
2026-01-14,188,97
2026-01-15,123,71
2026-01-16,196,62
2026-01-17,131,48
2026-01-18,125,49
2026-01-19,181,65
2026-01-20,136,53
2026-01-21,179,67
2026-01-22,266,68
2026-01-23,251,88
2026-01-24,124,40
2026-01-25,111,50
2026-01-26,145,60
2026-01-27,215,63
2026-01-28,206,66
2026-01-29,92,58
2026-01-30,137,62
2026-01-31,181,48
2026-02-01,138,58
2026-02-02,160,76
2026-02-03,140,60
2026-02-04,183,66
2026-02-05,155,64
2026-02-06,174,70
2026-02-07,246,45
2026-02-08,111,56
2026-02-09,221,66
2026-02-10,147,84
2026-02-11,212,67
2026-02-12,149,68
2026-02-13,153,38
2026-02-14,98,48
2026-02-15,150,40
2026-02-16,124,40
2026-02-17,97,51
2026-02-18,194,60
2026-02-19,281,62
2026-02-20,261,61
2026-02-21,239,55
2026-02-22,228,53
2026-02-23,258,73
2026-02-24,240,92
2026-02-25,256,96
2026-02-26,203,81
2026-02-27,201,66
2026-02-28,207,64
2026-03-01,157,52
2026-03-02,387,82
2026-03-03,401,92
2026-03-04,468,96
2026-03-05,322,97
2026-03-06,393,95
2026-03-07,274,74
2026-03-08,289,65
2026-03-09,229,80
2026-03-10,185,83
2026-03-11,319,92
2026-03-12,340,79
2026-03-13,343,72
2026-03-14,211,73
2026-03-15,172,67
2026-03-16,405,98
2026-03-17,402,82
2026-03-18,388,110
2026-03-19,340,99
2026-03-20,264,76
2026-03-21,279,67
2026-03-22,233,64
2026-03-23,355,91
2026-03-24,340,93
2026-03-25,307,79
2026-03-26,274,100
2026-03-27,254,79
2026-03-28,128,49
2026-03-29,352,73
2026-03-30,472,110
2026-03-31,525,111
2026-04-01,438,99
2026-04-02,151,72
2026-04-03,197,67
2026-04-04,140,60
2026-04-05,85,48
2026-04-06,194,78
2026-04-07,149,84
2026-04-08,255,87
2026-04-09,147,75
2026-04-10,166,73
2026-04-11,252,56
2026-04-12,100,36
2026-04-13,219,77
2026-04-14,168,82
2026-04-15,187,87
2026-04-16,149,69
2026-04-17,164,68
2026-04-18,67,35
2026-04-19,93,35
2026-04-20,115,66
2026-04-21,124,54
2026-04-22,136,59
2026-04-23,171,74
2026-04-24,98,44
2026-04-25,52,27
2026-04-26,123,33
2026-04-27,69,36
2026-04-28,94,41
2026-04-29,189,66
2026-04-30,128,61
2026-05-01,83,43
2026-05-02,77,38
2026-05-03,69,36
2026-05-04,118,44
2026-05-05,59,29
2026-05-06,77,32
2026-05-07,112,47
2026-05-08,138,48
2026-05-09,80,34
2026-05-10,80,34
2026-05-11,93,46
2026-05-12,71,36
2026-05-13,61,36
2026-05-14,70,35
2026-05-15,78,40
2026-05-16,58,29
2026-05-17,49,29
2026-05-18,131,80
2026-05-19,90,34
2026-05-20,86,39
2026-05-21,55,27
2026-05-22,90,32
2026-05-23,58,20
2026-05-24,43,28
2026-05-25,131,46
2026-05-26,84,49
2026-05-27,81,35
2026-05-28,70,38
2026-05-29,96,42
2026-05-30,65,33
2026-05-31,51,28
2026-06-01,62,41
2026-06-02,67,37
2026-06-03,58,37
2026-06-04,64,36
2026-06-05,66,50
2026-06-06,70,35
2026-06-07,42,24
2026-06-08,78,42
2026-06-09,84,39
2026-06-10,74,33
2026-06-11,75,42
2026-06-12,111,58
2026-06-13,71,47
2026-06-14,57,19
2026-06-15,96,35
2026-06-16,31,16
2026-06-17,80,47
2026-06-18,85,34
2026-06-19,104,41
2026-06-20,49,22
2026-06-21,43,17
2026-06-22,99,37
2026-06-23,55,39
2026-06-24,154,52
2026-06-25,89,35
2026-06-26,92,39
2026-06-27,46,29
2026-06-28,41,24
2026-06-29,77,37
2026-06-30,54,29
2026-07-01,71,38
2026-07-02,79,36
2026-07-03,125,44
2026-07-04,46,31
2026-07-05,63,38
2026-07-06,85,46
2026-07-07,88,51
2026-07-08,124,58
2026-07-09,62,29
2026-07-10,72,44
2026-07-11,63,26
2026-07-12,80,36
2026-07-13,113,45
2026-07-14,148,44
2026-07-15,102,37
2026-07-16,105,52
2026-07-17,73,40
2026-07-18,54,27
2026-07-19,53,24
2026-07-20,94,51
2026-07-21,161,60
2026-07-22,159,54
2026-07-23,113,52
2026-07-24,96,46
2026-07-25,121,39
2026-07-26,74,44
2026-07-27,101,34
2026-07-28,206,46
2026-07-29,283,71
2026-07-30,169,63
2026-07-31,199,60
2026-08-01,84,34
2026-08-02,220,59
2026-08-03,230,79
2026-08-04,157,61
2026-08-05,113,54
2026-08-06,158,54
2026-08-07,95,41
2026-08-08,110,28
2026-08-09,164,47
2026-08-10,255,56
2026-08-11,167,56
2026-08-12,162,56
2026-08-13,117,49
2026-08-14,152,57
2026-08-15,147,38
2026-08-16,123,49
2026-08-17,120,49
2026-08-18,108,34
2026-08-19,260,56
2026-08-20,250,75
2026-08-21,138,62
2026-08-22,44,28
2026-08-23,45,24
2026-08-24,130,48
2026-08-25,129,56
2026-08-26,178,52
2026-08-27,150,52
